timestamp,Open,High,Low,Close,Volume
2025-07-13T15:00:00Z,62300.0,62600.0,61800.0,62500.0,13563846
2025-07-14T15:00:00Z,62300.0,63800.0,62000.0,63700.0,18442202
2025-07-15T15:00:00Z,63700.0,64700.0,63100.0,64700.0,23042660
2025-07-16T15:00:00Z,65900.0,66800.0,64400.0,66700.0,39448683
2025-07-17T15:00:00Z,67000.0,67800.0,66300.0,67100.0,23951531
2025-07-20T15:00:00Z,67400.0,68800.0,67200.0,67800.0,17723148
2025-07-21T15:00:00Z,68100.0,68500.0,65600.0,66000.0,20829006
2025-07-22T15:00:00Z,66200.0,66500.0,64900.0,66400.0,15687058
2025-07-23T15:00:00Z,66500.0,66800.0,65900.0,66000.0,12660193
2025-07-24T15:00:00Z,65700.0,66300.0,65500.0,65900.0,8080910
2025-07-27T15:00:00Z,68200.0,70400.0,67200.0,70400.0,35332500
2025-07-28T15:00:00Z,70800.0,70800.0,68800.0,70600.0,28190940
2025-07-29T15:00:00Z,71000.0,73700.0,70600.0,72600.0,34761444
2025-07-30T15:00:00Z,73000.0,74000.0,71000.0,71400.0,26568072
2025-07-31T15:00:00Z,70200.0,72000.0,68800.0,68900.0,24038534
2025-08-03T15:00:00Z,69500.0,70200.0,68700.0,69700.0,14780072
2025-08-04T15:00:00Z,71000.0,71500.0,69700.0,69900.0,14392903
2025-08-05T15:00:00Z,69200.0,69400.0,68300.0,68800.0,12542415
2025-08-06T15:00:00Z,70800.0,71000.0,69700.0,70500.0,15008213
2025-08-07T15:00:00Z,71000.0,72400.0,70700.0,71800.0,22241128
2025-08-10T15:00:00Z,72000.0,72100.0,70800.0,71000.0,11354253
2025-08-11T15:00:00Z,71100.0,72400.0,71100.0,71100.0,15797656
2025-08-12T15:00:00Z,71900.0,72100.0,71400.0,71900.0,12305742
2025-08-13T15:00:00Z,71900.0,71900.0,71200.0,71600.0,11946122
2025-08-17T15:00:00Z,71100.0,71200.0,70000.0,70000.0,13595591
2025-08-18T15:00:00Z,70400.0,70700.0,69700.0,70000.0,10533082
2025-08-19T15:00:00Z,70100.0,70700.0,69400.0,70500.0,17445516
2025-08-20T15:00:00Z,71500.0,71900.0,70600.0,70600.0,18843833
2025-08-21T15:00:00Z,71700.0,71800.0,70800.0,71400.0,9277432
2025-08-24T15:00:00Z,71700.0,71800.0,71000.0,71500.0,10345178
2025-08-25T15:00:00Z,70800.0,71100.0,70300.0,70300.0,14712519
2025-08-26T15:00:00Z,70100.0,70900.0,69800.0,70600.0,10523405
2025-08-27T15:00:00Z,70100.0,70400.0,69600.0,69600.0,11578024
2025-08-28T15:00:00Z,70100.0,70500.0,69700.0,69700.0,11682267
2025-08-31T15:00:00Z,68400.0,68600.0,67500.0,67600.0,12002343
2025-09-01T15:00:00Z,67800.0,69500.0,67800.0,69100.0,10604028
2025-09-02T15:00:00Z,69200.0,69800.0,68800.0,69800.0,10283009
2025-09-03T15:00:00Z,69500.0,70100.0,69300.0,70100.0,12284414
2025-09-04T15:00:00Z,70300.0,70400.0,69500.0,69500.0,11526724
2025-09-07T15:00:00Z,69800.0,70500.0,69600.0,70100.0,9263135
2025-09-08T15:00:00Z,70100.0,71500.0,70000.0,71500.0,14870245
2025-09-09T15:00:00Z,71800.0,72800.0,71600.0,72600.0,21928565
2025-09-10T15:00:00Z,73200.0,73600.0,72100.0,73400.0,20793501
2025-09-11T15:00:00Z,74600.0,75600.0,74200.0,75400.0,28219678
2025-09-14T15:00:00Z,77200.0,77600.0,75900.0,76500.0,19908805
2025-09-15T15:00:00Z,76900.0,79500.0,76700.0,79400.0,28218265
2025-09-16T15:00:00Z,79100.0,79100.0,77100.0,78200.0,20856317
2025-09-17T15:00:00Z,79100.0,80500.0,78600.0,80300.0,25619035
2025-09-21T15:00:00Z,81500.0,84000.0,81100.0,83500.0,27529656
2025-09-22T15:00:00Z,85800.0,85900.0,83600.0,84700.0,23610263
2025-09-23T15:00:00Z,84200.0,85500.0,83700.0,85400.0,18300997
2025-09-24T15:00:00Z,84400.0,86200.0,84100.0,86100.0,19665151
2025-09-25T15:00:00Z,85000.0,85300.0,82400.0,83300.0,24071193
2025-09-28T15:00:00Z,83300.0,85000.0,83200.0,84200.0,13069094
2025-09-29T15:00:00Z,84600.0,84900.0,83400.0,83900.0,16319061
2025-09-30T15:00:00Z,84900.0,86200.0,84700.0,86000.0,22039361
2025-10-01T15:00:00Z,89300.0,90300.0,88700.0,89750.0,49883028
2025-10-09T15:00:00Z,94000.0,94500.0,92700.0,94400.0,35269748
2025-10-12T15:00:00Z,91300.0,93400.0,90700.0,93300.0,25393224
2025-10-13T00:00:00Z,91300.0,91400.0,91100.0,91200.0,0
2025-10-13T00:01:00Z,91300.0,91300.0,90900.0,90900.0,384502
2025-10-13T00:02:00Z,90900.0,91100.0,90900.0,91000.0,244145
2025-10-13T00:03:00Z,90900.0,91000.0,90700.0,90900.0,187051
2025-10-13T00:04:00Z,90900.0,91000.0,90700.0,90900.0,200304
2025-10-13T00:05:00Z,90900.0,91200.0,90900.0,91200.0,177445
2025-10-13T00:06:00Z,91100.0,91300.0,91000.0,91200.0,150858
2025-10-13T00:07:00Z,91200.0,91300.0,91000.0,91100.0,196165
2025-10-13T00:08:00Z,91000.0,91200.0,91000.0,91000.0,89677
2025-10-13T00:09:00Z,91100.0,91200.0,90900.0,91000.0,138147
2025-10-13T00:10:00Z,91000.0,91200.0,91000.0,91200.0,88212
2025-10-13T00:11:00Z,91200.0,91300.0,91100.0,91300.0,74262
2025-10-13T00:12:00Z,91300.0,91500.0,91200.0,91500.0,94534
2025-10-13T00:13:00Z,91400.0,91600.0,91300.0,91500.0,133023
2025-10-13T00:14:00Z,91500.0,91700.0,91500.0,91600.0,145095
2025-10-13T00:15:00Z,91600.0,91800.0,91600.0,91800.0,117017
2025-10-13T00:16:00Z,91800.0,91900.0,91600.0,91900.0,128039
2025-10-13T00:17:00Z,91900.0,92000.0,91800.0,92000.0,190615
2025-10-13T00:18:00Z,92000.0,92000.0,91600.0,91800.0,192457
2025-10-13T00:19:00Z,91800.0,91800.0,91500.0,91700.0,146132
2025-10-13T00:20:00Z,91700.0,91800.0,91600.0,91800.0,99335
2025-10-13T00:21:00Z,91800.0,91800.0,91600.0,91800.0,136784
2025-10-13T00:22:00Z,91800.0,91800.0,91600.0,91700.0,77903
2025-10-13T00:23:00Z,91700.0,91700.0,91500.0,91600.0,134395
2025-10-13T00:24:00Z,91600.0,91700.0,91500.0,91600.0,195341
2025-10-13T00:25:00Z,91600.0,91700.0,91500.0,91600.0,115871
2025-10-13T00:26:00Z,91600.0,91600.0,91200.0,91200.0,311866
2025-10-13T00:27:00Z,91300.0,91300.0,91100.0,91200.0,190374
2025-10-13T00:28:00Z,91200.0,91300.0,91100.0,91100.0,72608
2025-10-13T00:29:00Z,91200.0,91300.0,91100.0,91300.0,83550
2025-10-13T00:30:00Z,91300.0,91300.0,91200.0,91200.0,37375
2025-10-13T00:31:00Z,91300.0,91500.0,91200.0,91500.0,96354
2025-10-13T00:32:00Z,91400.0,91500.0,91300.0,91500.0,54946
2025-10-13T00:33:00Z,91500.0,91500.0,91400.0,91500.0,43069
2025-10-13T00:34:00Z,91500.0,91500.0,91400.0,91500.0,30079
2025-10-13T00:35:00Z,91500.0,91800.0,91400.0,91800.0,66863
2025-10-13T00:36:00Z,91700.0,92000.0,91700.0,92000.0,127681
2025-10-13T00:37:00Z,92000.0,92000.0,91500.0,91700.0,156062
2025-10-13T00:38:00Z,91700.0,91700.0,91500.0,91600.0,30931
2025-10-13T00:39:00Z,91700.0,91800.0,91600.0,91800.0,76006
2025-10-13T00:40:00Z,91700.0,91800.0,91700.0,91800.0,43144
2025-10-13T00:41:00Z,91800.0,91800.0,91600.0,91800.0,65244
2025-10-13T00:42:00Z,91800.0,91800.0,91700.0,91800.0,75726
2025-10-13T00:43:00Z,91750.0,91900.0,91700.0,91700.0,68284
2025-10-13T00:44:00Z,91800.0,91900.0,91700.0,91900.0,25364
2025-10-13T00:45:00Z,91800.0,92000.0,91800.0,92000.0,47833
2025-10-13T00:46:00Z,92000.0,92000.0,91900.0,91900.0,33971
2025-10-13T00:47:00Z,92000.0,92200.0,91900.0,92100.0,158011
2025-10-13T00:48:00Z,92200.0,92200.0,91900.0,91900.0,157158
2025-10-13T00:49:00Z,91900.0,92200.0,91900.0,92200.0,122594
2025-10-13T00:50:00Z,92200.0,92200.0,92000.0,92150.0,94002
2025-10-13T00:51:00Z,92150.0,92300.0,92100.0,92200.0,40997
2025-10-13T00:52:00Z,92300.0,92400.0,92200.0,92300.0,114061
2025-10-13T00:53:00Z,92300.0,92400.0,92100.0,92300.0,197837
2025-10-13T00:54:00Z,92300.0,92400.0,92200.0,92300.0,76859
2025-10-13T00:55:00Z,92300.0,92400.0,92200.0,92400.0,55970
2025-10-13T00:56:00Z,92400.0,92500.0,92300.0,92500.0,58540
2025-10-13T00:57:00Z,92500.0,92600.0,92400.0,92500.0,113607
2025-10-13T00:58:00Z,92500.0,92600.0,92400.0,92550.0,69593
2025-10-13T00:59:00Z,92550.0,92600.0,92400.0,92550.0,90063
2025-10-13T01:00:00Z,92500.0,92600.0,92500.0,92600.0,27107
2025-10-13T01:01:00Z,92600.0,92700.0,92500.0,92600.0,104730
2025-10-13T01:02:00Z,92500.0,92700.0,92400.0,92600.0,175594
2025-10-13T01:03:00Z,92600.0,92600.0,92400.0,92500.0,95885
2025-10-13T01:04:00Z,92600.0,92600.0,92400.0,92500.0,92294
2025-10-13T01:05:00Z,92450.0,92500.0,92300.0,92300.0,73956
2025-10-13T01:06:00Z,92400.0,92500.0,92300.0,92500.0,71325
2025-10-13T01:07:00Z,92500.0,92500.0,92200.0,92300.0,65026
2025-10-13T01:08:00Z,92300.0,92400.0,92200.0,92300.0,67080
2025-10-13T01:09:00Z,92300.0,92400.0,92200.0,92300.0,32678
2025-10-13T01:10:00Z,92200.0,92300.0,92200.0,92300.0,29547
2025-10-13T01:11:00Z,92300.0,92400.0,92200.0,92300.0,49854
2025-10-13T01:12:00Z,92300.0,92400.0,92200.0,92300.0,27280
2025-10-13T01:13:00Z,92200.0,92400.0,92200.0,92350.0,32055
2025-10-13T01:14:00Z,92350.0,92500.0,92300.0,92400.0,69696
2025-10-13T01:15:00Z,92400.0,92600.0,92400.0,92500.0,28117
2025-10-13T01:16:00Z,92400.0,92700.0,92400.0,92650.0,54251
2025-10-13T01:17:00Z,92600.0,92800.0,92600.0,92800.0,35015
2025-10-13T01:18:00Z,92800.0,92900.0,92700.0,92800.0,42602
2025-10-13T01:19:00Z,92750.0,92900.0,92700.0,92800.0,23625
2025-10-13T01:20:00Z,92800.0,92900.0,92700.0,92900.0,78638
2025-10-13T01:21:00Z,92900.0,92900.0,92700.0,92800.0,98484
2025-10-13T01:22:00Z,92800.0,92900.0,92700.0,92900.0,41762
2025-10-13T01:23:00Z,92800.0,92900.0,92600.0,92700.0,84781
2025-10-13T01:24:00Z,92700.0,92700.0,92600.0,92600.0,18466
2025-10-13T01:25:00Z,92700.0,92700.0,92500.0,92600.0,38178
2025-10-13T01:26:00Z,92600.0,92700.0,92500.0,92700.0,52619
2025-10-13T01:27:00Z,92700.0,92700.0,92600.0,92700.0,9719
2025-10-13T01:28:00Z,92700.0,92700.0,92600.0,92650.0,23370
2025-10-13T01:29:00Z,92650.0,92700.0,92500.0,92700.0,80692
2025-10-13T01:30:00Z,92700.0,92700.0,92500.0,92700.0,6901
2025-10-13T01:31:00Z,92600.0,92700.0,92500.0,92600.0,95471
2025-10-13T01:32:00Z,92600.0,92700.0,92500.0,92600.0,37613
2025-10-13T01:33:00Z,92600.0,92700.0,92500.0,92600.0,49594
2025-10-13T01:34:00Z,92600.0,92600.0,92400.0,92500.0,68482
2025-10-13T01:35:00Z,92500.0,92600.0,92400.0,92500.0,67345
2025-10-13T01:36:00Z,92500.0,92500.0,92300.0,92400.0,162899
2025-10-13T01:37:00Z,92400.0,92600.0,92400.0,92500.0,30338
2025-10-13T01:38:00Z,92500.0,92500.0,92400.0,92450.0,14019
2025-10-13T01:39:00Z,92450.0,92450.0,92200.0,92300.0,110673
2025-10-13T01:40:00Z,92300.0,92400.0,92200.0,92400.0,55528
2025-10-13T01:41:00Z,92350.0,92500.0,92300.0,92400.0,34499
2025-10-13T01:42:00Z,92400.0,92500.0,92400.0,92500.0,19506
2025-10-13T01:43:00Z,92500.0,92500.0,92400.0,92400.0,38004
2025-10-13T01:44:00Z,92500.0,92500.0,92400.0,92500.0,8390
2025-10-13T01:45:00Z,92500.0,92600.0,92400.0,92600.0,111240
2025-10-13T01:46:00Z,92600.0,92600.0,92500.0,92600.0,5861
2025-10-13T01:47:00Z,92600.0,92700.0,92500.0,92700.0,72079
2025-10-13T01:48:00Z,92600.0,92700.0,92600.0,92700.0,20086
2025-10-13T01:49:00Z,92700.0,92700.0,92500.0,92600.0,30192
2025-10-13T01:50:00Z,92600.0,92700.0,92500.0,92550.0,104943
2025-10-13T01:51:00Z,92550.0,92600.0,92500.0,92550.0,19735
2025-10-13T01:52:00Z,92550.0,92600.0,92500.0,92550.0,71053
2025-10-13T01:53:00Z,92550.0,92600.0,92400.0,92450.0,51612
2025-10-13T01:54:00Z,92450.0,92500.0,92400.0,92450.0,37869
2025-10-13T01:55:00Z,92450.0,92600.0,92400.0,92500.0,33262
2025-10-13T01:56:00Z,92550.0,92550.0,92400.0,92500.0,28207
2025-10-13T01:57:00Z,92500.0,92500.0,92400.0,92500.0,7086
2025-10-13T01:58:00Z,92500.0,92500.0,92400.0,92450.0,20491
2025-10-13T01:59:00Z,92450.0,92500.0,92400.0,92500.0,8170
2025-10-13T02:00:00Z,92500.0,92600.0,92400.0,92550.0,67578
2025-10-13T02:01:00Z,92600.0,92600.0,92400.0,92500.0,10639
2025-10-13T02:02:00Z,92400.0,92500.0,92400.0,92450.0,13275
2025-10-13T02:03:00Z,92450.0,92600.0,92400.0,92500.0,36992
2025-10-13T02:04:00Z,92500.0,92500.0,92400.0,92500.0,15086
2025-10-13T02:05:00Z,92500.0,92600.0,92400.0,92500.0,54403
2025-10-13T02:06:00Z,92550.0,92600.0,92500.0,92600.0,21924
2025-10-13T02:07:00Z,92600.0,92600.0,92500.0,92600.0,8650
2025-10-13T02:08:00Z,92500.0,92600.0,92500.0,92500.0,7666
2025-10-13T02:09:00Z,92600.0,92600.0,92500.0,92500.0,14678
2025-10-13T02:10:00Z,92500.0,92600.0,92400.0,92500.0,73313
2025-10-13T02:11:00Z,92500.0,92500.0,92400.0,92500.0,18211
2025-10-13T02:12:00Z,92500.0,92500.0,92400.0,92500.0,11671
2025-10-13T02:13:00Z,92500.0,92500.0,92400.0,92450.0,17172
2025-10-13T02:14:00Z,92450.0,92450.0,92200.0,92250.0,122611
2025-10-13T02:15:00Z,92250.0,92400.0,92200.0,92350.0,31633
2025-10-13T02:16:00Z,92300.0,92400.0,92300.0,92400.0,20987
2025-10-13T02:17:00Z,92400.0,92400.0,92300.0,92400.0,14285
2025-10-13T02:18:00Z,92400.0,92400.0,92300.0,92400.0,6728
2025-10-13T02:19:00Z,92300.0,92400.0,92300.0,92400.0,6385
2025-10-13T02:20:00Z,92350.0,92400.0,92300.0,92350.0,6327
2025-10-13T02:21:00Z,92350.0,92400.0,92300.0,92350.0,11522
2025-10-13T02:22:00Z,92300.0,92350.0,92200.0,92200.0,69370
2025-10-13T02:23:00Z,92200.0,92250.0,92100.0,92200.0,81158
2025-10-13T02:24:00Z,92200.0,92300.0,92100.0,92150.0,76710
2025-10-13T02:25:00Z,92200.0,92200.0,92100.0,92200.0,14112
2025-10-13T02:26:00Z,92200.0,92200.0,92100.0,92100.0,6622
2025-10-13T02:27:00Z,92200.0,92200.0,92100.0,92100.0,13576
2025-10-13T02:28:00Z,92100.0,92200.0,92100.0,92100.0,16553
2025-10-13T02:29:00Z,92200.0,92200.0,92100.0,92200.0,15548
2025-10-13T02:30:00Z,92200.0,92200.0,92100.0,92200.0,45459
2025-10-13T02:31:00Z,92200.0,92200.0,92100.0,92200.0,7798
2025-10-13T02:32:00Z,92200.0,92200.0,92100.0,92100.0,12265
2025-10-13T02:33:00Z,92200.0,92200.0,92100.0,92100.0,11006
2025-10-13T02:34:00Z,92100.0,92200.0,92100.0,92150.0,9995
2025-10-13T02:35:00Z,92150.0,92300.0,92100.0,92300.0,68663
2025-10-13T02:36:00Z,92200.0,92300.0,92200.0,92200.0,16673
2025-10-13T02:37:00Z,92200.0,92400.0,92200.0,92350.0,77790
2025-10-13T02:38:00Z,92350.0,92500.0,92300.0,92350.0,96415
2025-10-13T02:39:00Z,92300.0,92350.0,92300.0,92350.0,9397
2025-10-13T02:40:00Z,92350.0,92350.0,92300.0,92300.0,5005
2025-10-13T02:41:00Z,92300.0,92350.0,92100.0,92100.0,106409
2025-10-13T02:42:00Z,92200.0,92200.0,92100.0,92200.0,19648
2025-10-13T02:43:00Z,92200.0,92200.0,92200.0,92200.0,0
2025-10-13T02:44:00Z,92200.0,92200.0,92100.0,92200.0,6097
2025-10-13T02:45:00Z,92200.0,92200.0,92100.0,92100.0,44843
2025-10-13T02:46:00Z,92100.0,92150.0,92100.0,92100.0,12490
2025-10-13T02:47:00Z,92150.0,92150.0,92100.0,92100.0,9436
2025-10-13T02:48:00Z,92100.0,92150.0,92000.0,92050.0,77346
2025-10-13T02:49:00Z,92050.0,92100.0,92000.0,92000.0,12140
2025-10-13T02:50:00Z,92100.0,92100.0,92000.0,92100.0,15727
2025-10-13T02:51:00Z,92000.0,92100.0,91900.0,91950.0,177223
2025-10-13T02:52:00Z,91950.0,92000.0,91800.0,91900.0,95538
2025-10-13T02:53:00Z,91900.0,91900.0,91750.0,91800.0,90151
2025-10-13T02:54:00Z,91850.0,91900.0,91750.0,91800.0,69235
2025-10-13T02:55:00Z,91800.0,91900.0,91700.0,91800.0,50986
2025-10-13T02:56:00Z,91800.0,91800.0,91600.0,91700.0,90287
2025-10-13T02:57:00Z,91600.0,91700.0,91600.0,91700.0,80004
2025-10-13T02:58:00Z,91700.0,91800.0,91600.0,91700.0,47504
2025-10-13T02:59:00Z,91800.0,91900.0,91700.0,91800.0,63033
2025-10-13T03:00:00Z,91700.0,91800.0,91600.0,91700.0,44474
2025-10-13T03:01:00Z,91700.0,91700.0,91600.0,91600.0,9660
2025-10-13T03:02:00Z,91600.0,91700.0,91600.0,91650.0,21181
2025-10-13T03:03:00Z,91650.0,91700.0,91600.0,91650.0,9898
2025-10-13T03:04:00Z,91650.0,91700.0,91600.0,91650.0,15839
2025-10-13T03:05:00Z,91700.0,91800.0,91600.0,91750.0,99076
2025-10-13T03:06:00Z,91750.0,91800.0,91600.0,91700.0,133672
2025-10-13T03:07:00Z,91700.0,91900.0,91700.0,91850.0,40874
2025-10-13T03:08:00Z,91900.0,91900.0,91800.0,91900.0,13908
2025-10-13T03:09:00Z,91900.0,92000.0,91800.0,91950.0,15978
2025-10-13T03:10:00Z,91950.0,92000.0,91900.0,91950.0,9163
2025-10-13T03:11:00Z,91950.0,91950.0,91900.0,91900.0,5826
2025-10-13T03:12:00Z,91950.0,91950.0,91800.0,91900.0,30698
2025-10-13T03:13:00Z,91800.0,91900.0,91800.0,91850.0,8811
2025-10-13T03:14:00Z,91850.0,91900.0,91800.0,91900.0,7937
2025-10-13T03:15:00Z,91900.0,91900.0,91800.0,91900.0,8177
2025-10-13T03:16:00Z,91900.0,91900.0,91800.0,91900.0,4613
2025-10-13T03:17:00Z,91900.0,91900.0,91850.0,91850.0,7365
2025-10-13T03:18:00Z,91850.0,91900.0,91850.0,91850.0,10002
2025-10-13T03:19:00Z,91850.0,91900.0,91850.0,91900.0,11027
2025-10-13T03:20:00Z,91850.0,91900.0,91850.0,91900.0,7688
2025-10-13T03:21:00Z,91900.0,91900.0,91800.0,91850.0,11687
2025-10-13T03:22:00Z,91900.0,91900.0,91850.0,91900.0,7957
2025-10-13T03:23:00Z,91900.0,91900.0,91850.0,91900.0,8025
2025-10-13T03:24:00Z,91900.0,91900.0,91800.0,91900.0,8669
2025-10-13T03:25:00Z,91850.0,91900.0,91800.0,91850.0,8594
2025-10-13T03:26:00Z,91850.0,91850.0,91700.0,91750.0,79096
2025-10-13T03:27:00Z,91700.0,91800.0,91700.0,91800.0,10148
2025-10-13T03:28:00Z,91800.0,91800.0,91700.0,91800.0,10252
2025-10-13T03:29:00Z,91700.0,91800.0,91700.0,91700.0,8608
2025-10-13T03:30:00Z,91750.0,91750.0,91700.0,91700.0,22095
2025-10-13T03:31:00Z,91700.0,91750.0,91700.0,91700.0,23866
2025-10-13T03:32:00Z,91700.0,91750.0,91600.0,91700.0,75538
2025-10-13T03:33:00Z,91700.0,91700.0,91600.0,91650.0,23749
2025-10-13T03:34:00Z,91650.0,91700.0,91600.0,91600.0,13238
2025-10-13T03:35:00Z,91600.0,91700.0,91600.0,91650.0,15526
2025-10-13T03:36:00Z,91650.0,91650.0,91600.0,91650.0,14379
2025-10-13T03:37:00Z,91600.0,91650.0,91600.0,91650.0,14076
2025-10-13T03:38:00Z,91600.0,91700.0,91600.0,91600.0,14089
2025-10-13T03:39:00Z,91600.0,91700.0,91600.0,91600.0,14592
2025-10-13T03:40:00Z,91650.0,91700.0,91600.0,91600.0,17313
2025-10-13T03:41:00Z,91650.0,91650.0,91600.0,91650.0,11571
2025-10-13T03:42:00Z,91650.0,91650.0,91500.0,91500.0,111718
2025-10-13T03:43:00Z,91500.0,91600.0,91500.0,91500.0,22419
2025-10-13T03:44:00Z,91550.0,91600.0,91500.0,91600.0,34934
2025-10-13T03:45:00Z,91600.0,91700.0,91550.0,91600.0,50709
2025-10-13T03:46:00Z,91600.0,91700.0,91500.0,91550.0,13965
2025-10-13T03:47:00Z,91550.0,91600.0,91500.0,91500.0,13370
2025-10-13T03:48:00Z,91600.0,91600.0,91500.0,91550.0,5511
2025-10-13T03:49:00Z,91550.0,91600.0,91500.0,91600.0,8247
2025-10-13T03:50:00Z,91600.0,91600.0,91500.0,91500.0,11689
2025-10-13T03:51:00Z,91600.0,91600.0,91500.0,91500.0,16571
2025-10-13T03:52:00Z,91500.0,91500.0,91500.0,91500.0,0
2025-10-13T03:53:00Z,91350.0,91400.0,91300.0,91400.0,31231
2025-10-13T03:54:00Z,91400.0,91500.0,91400.0,91400.0,91288
2025-10-13T03:55:00Z,91500.0,91500.0,91400.0,91500.0,13263
2025-10-13T03:56:00Z,91500.0,91500.0,91400.0,91500.0,9841
2025-10-13T03:57:00Z,91500.0,91500.0,91400.0,91450.0,8906
2025-10-13T03:58:00Z,91400.0,91500.0,91300.0,91400.0,90892
2025-10-13T03:59:00Z,91400.0,91500.0,91300.0,91300.0,67751
2025-10-13T04:00:00Z,91400.0,91400.0,91300.0,91300.0,16685
2025-10-13T04:01:00Z,91400.0,91400.0,91200.0,91200.0,110640
2025-10-13T04:02:00Z,91250.0,91250.0,91100.0,91200.0,141005
2025-10-13T04:03:00Z,91200.0,91200.0,91100.0,91100.0,51108
2025-10-13T04:04:00Z,91200.0,91200.0,91100.0,91150.0,67976
2025-10-13T04:05:00Z,91200.0,91300.0,91100.0,91300.0,121673
2025-10-13T04:06:00Z,91200.0,91300.0,91200.0,91300.0,18563
2025-10-13T04:07:00Z,91250.0,91450.0,91250.0,91350.0,49321
2025-10-13T04:08:00Z,91400.0,91400.0,91300.0,91400.0,24066
2025-10-13T04:09:00Z,91400.0,91400.0,91300.0,91400.0,12284
2025-10-13T04:10:00Z,91300.0,91400.0,91300.0,91300.0,10656
2025-10-13T04:11:00Z,91350.0,91400.0,91300.0,91400.0,21001
2025-10-13T04:12:00Z,91400.0,91400.0,91300.0,91400.0,10477
2025-10-13T04:13:00Z,91300.0,91400.0,91300.0,91300.0,29204
2025-10-13T04:14:00Z,91300.0,91400.0,91300.0,91350.0,38926
2025-10-13T04:15:00Z,91300.0,91350.0,91200.0,91300.0,50071
2025-10-13T04:16:00Z,91250.0,91300.0,91200.0,91300.0,15257
2025-10-13T04:17:00Z,91200.0,91300.0,91200.0,91200.0,17829
2025-10-13T04:18:00Z,91200.0,91300.0,91200.0,91300.0,14861
2025-10-13T04:19:00Z,91200.0,91300.0,91200.0,91300.0,10339
2025-10-13T04:20:00Z,91300.0,91300.0,91200.0,91300.0,8680
2025-10-13T04:21:00Z,91300.0,91300.0,91200.0,91200.0,15869
2025-10-13T04:22:00Z,91300.0,91300.0,91200.0,91200.0,11656
2025-10-13T04:23:00Z,91200.0,91250.0,91100.0,91100.0,115862
2025-10-13T04:24:00Z,91200.0,91300.0,91100.0,91300.0,45516
2025-10-13T04:25:00Z,91300.0,91300.0,91200.0,91200.0,24846
2025-10-13T04:26:00Z,91200.0,91300.0,91100.0,91100.0,49694
2025-10-13T04:27:00Z,91100.0,91200.0,91100.0,91200.0,16248
2025-10-13T04:28:00Z,91150.0,91200.0,91100.0,91200.0,17536
2025-10-13T04:29:00Z,91100.0,91200.0,91100.0,91100.0,13747
2025-10-13T04:30:00Z,91100.0,91300.0,91100.0,91250.0,93238
2025-10-13T04:31:00Z,91300.0,91400.0,91200.0,91300.0,32717
2025-10-13T04:32:00Z,91400.0,91400.0,91300.0,91300.0,18953
2025-10-13T04:33:00Z,91350.0,91400.0,91300.0,91400.0,12062
2025-10-13T04:34:00Z,91300.0,91500.0,91300.0,91500.0,56108
2025-10-13T04:35:00Z,91400.0,91500.0,91400.0,91400.0,19452
2025-10-13T04:36:00Z,91500.0,91500.0,91300.0,91400.0,86853
2025-10-13T04:37:00Z,91500.0,91500.0,91300.0,91400.0,47893
2025-10-13T04:38:00Z,91400.0,91400.0,91300.0,91300.0,9427
2025-10-13T04:39:00Z,91400.0,91400.0,91300.0,91300.0,6338
2025-10-13T04:40:00Z,91400.0,91400.0,91300.0,91400.0,9866
2025-10-13T04:41:00Z,91400.0,91500.0,91300.0,91300.0,71026
2025-10-13T04:42:00Z,91400.0,91500.0,91300.0,91500.0,88268
2025-10-13T04:43:00Z,91400.0,91500.0,91400.0,91400.0,11975
2025-10-13T04:44:00Z,91450.0,91500.0,91400.0,91400.0,9614
2025-10-13T04:45:00Z,91500.0,91500.0,91400.0,91450.0,36989
2025-10-13T04:46:00Z,91450.0,91500.0,91400.0,91500.0,9518
2025-10-13T04:47:00Z,91500.0,91500.0,91400.0,91400.0,11851
2025-10-13T04:48:00Z,91500.0,91500.0,91400.0,91400.0,11802
2025-10-13T04:49:00Z,91500.0,91500.0,91400.0,91500.0,14193
2025-10-13T04:50:00Z,91500.0,91500.0,91500.0,91500.0,0
2025-10-13T04:51:00Z,91500.0,91500.0,91400.0,91500.0,16275
2025-10-13T04:52:00Z,91500.0,91500.0,91400.0,91500.0,19719
2025-10-13T04:53:00Z,91450.0,91600.0,91400.0,91500.0,89077
2025-10-13T04:54:00Z,91500.0,91600.0,91400.0,91500.0,92203
2025-10-13T04:55:00Z,91500.0,91500.0,91400.0,91500.0,16934
2025-10-13T04:56:00Z,91450.0,91500.0,91400.0,91400.0,23953
2025-10-13T04:57:00Z,91500.0,91600.0,91400.0,91500.0,52741
2025-10-13T04:58:00Z,91500.0,91600.0,91500.0,91500.0,10611
2025-10-13T04:59:00Z,91500.0,91600.0,91500.0,91550.0,12330
2025-10-13T05:00:00Z,91600.0,91600.0,91500.0,91500.0,37452
2025-10-13T05:01:00Z,91500.0,91600.0,91500.0,91600.0,20148
2025-10-13T05:02:00Z,91600.0,91700.0,91500.0,91600.0,53331
2025-10-13T05:03:00Z,91600.0,91600.0,91500.0,91550.0,14483
2025-10-13T05:04:00Z,91550.0,91600.0,91500.0,91550.0,16902
2025-10-13T05:05:00Z,91550.0,91600.0,91400.0,91500.0,61802
2025-10-13T05:06:00Z,91500.0,91500.0,91400.0,91500.0,17141
2025-10-13T05:07:00Z,91500.0,91600.0,91400.0,91500.0,65141
2025-10-13T05:08:00Z,91600.0,91600.0,91500.0,91600.0,20509
2025-10-13T05:09:00Z,91600.0,91600.0,91500.0,91600.0,13839
2025-10-13T05:10:00Z,91500.0,91700.0,91500.0,91700.0,35235
2025-10-13T05:11:00Z,91600.0,91700.0,91500.0,91700.0,42882
2025-10-13T05:12:00Z,91700.0,91700.0,91600.0,91700.0,14904
2025-10-13T05:13:00Z,91700.0,91900.0,91600.0,91900.0,167687
2025-10-13T05:14:00Z,91900.0,92000.0,91800.0,91900.0,60596
2025-10-13T05:15:00Z,92000.0,92000.0,91900.0,91950.0,37926
2025-10-13T05:16:00Z,91900.0,92000.0,91900.0,92000.0,16008
2025-10-13T05:17:00Z,92000.0,92000.0,91900.0,91950.0,49182
2025-10-13T05:18:00Z,92000.0,92100.0,91900.0,92000.0,79718
2025-10-13T05:19:00Z,91900.0,92100.0,91900.0,92000.0,35424
2025-10-13T05:20:00Z,92000.0,92100.0,91800.0,92000.0,109443
2025-10-13T05:21:00Z,92000.0,92100.0,91900.0,92100.0,44171
2025-10-13T05:22:00Z,92100.0,92100.0,92000.0,92100.0,12133
2025-10-13T05:23:00Z,92100.0,92100.0,92000.0,92050.0,12127
2025-10-13T05:24:00Z,92050.0,92100.0,92000.0,92000.0,22802
2025-10-13T05:25:00Z,92000.0,92200.0,92000.0,92100.0,64706
2025-10-13T05:26:00Z,92100.0,92300.0,92100.0,92200.0,63978
2025-10-13T05:27:00Z,92150.0,92300.0,92100.0,92250.0,85651
2025-10-13T05:28:00Z,92250.0,92300.0,92200.0,92300.0,31988
2025-10-13T05:29:00Z,92300.0,92400.0,92200.0,92300.0,72169
2025-10-13T05:30:00Z,92300.0,92400.0,92300.0,92400.0,18653
2025-10-13T05:31:00Z,92400.0,92400.0,92300.0,92400.0,24982
2025-10-13T05:32:00Z,92400.0,92500.0,92300.0,92500.0,117448
2025-10-13T05:33:00Z,92500.0,92500.0,92400.0,92450.0,20736
2025-10-13T05:34:00Z,92450.0,92500.0,92400.0,92500.0,23214
2025-10-13T05:35:00Z,92500.0,92500.0,92300.0,92400.0,75302
2025-10-13T05:36:00Z,92400.0,92400.0,92300.0,92300.0,24730
2025-10-13T05:37:00Z,92400.0,92400.0,92300.0,92300.0,20644
2025-10-13T05:38:00Z,92300.0,92400.0,92300.0,92300.0,45835
2025-10-13T05:39:00Z,92400.0,92500.0,92300.0,92400.0,61376
2025-10-13T05:40:00Z,92400.0,92500.0,92400.0,92450.0,20983
2025-10-13T05:41:00Z,92450.0,92500.0,92400.0,92500.0,10712
2025-10-13T05:42:00Z,92500.0,92500.0,92300.0,92350.0,83700
2025-10-13T05:43:00Z,92300.0,92400.0,92300.0,92400.0,17263
2025-10-13T05:44:00Z,92300.0,92400.0,92300.0,92300.0,21440
2025-10-13T05:45:00Z,92400.0,92400.0,92300.0,92400.0,25972
2025-10-13T05:46:00Z,92350.0,92400.0,92300.0,92400.0,21422
2025-10-13T05:47:00Z,92400.0,92500.0,92300.0,92400.0,72968
2025-10-13T05:48:00Z,92500.0,92500.0,92400.0,92400.0,20749
2025-10-13T05:49:00Z,92400.0,92500.0,92400.0,92500.0,30869
2025-10-13T05:50:00Z,92500.0,92500.0,92400.0,92500.0,19143
2025-10-13T05:51:00Z,92500.0,92500.0,92400.0,92500.0,20743
2025-10-13T05:52:00Z,92400.0,92500.0,92400.0,92500.0,27654
2025-10-13T05:53:00Z,92500.0,92600.0,92400.0,92500.0,81772
2025-10-13T05:54:00Z,92500.0,92600.0,92400.0,92500.0,78722
2025-10-13T05:55:00Z,92550.0,92600.0,92500.0,92600.0,48750
2025-10-13T05:56:00Z,92500.0,92600.0,92500.0,92600.0,15296
2025-10-13T05:57:00Z,92600.0,92600.0,92500.0,92600.0,17334
2025-10-13T05:58:00Z,92500.0,92600.0,92500.0,92600.0,18961
2025-10-13T05:59:00Z,92550.0,92600.0,92500.0,92600.0,14418
2025-10-13T15:00:00Z,95300.0,96000.0,94600.0,95800.0,6067270
2025-10-14T15:00:00Z,92300.0,93700.0,92100.0,92550.0,3164557
2025-10-15T15:00:00Z,95300.0,96900.0,95000.0,95900.0,5105110
2025-10-16T15:00:00Z,97200.0,97800.0,96700.0,97700.0,3383284
2025-10-19T15:00:00Z,97900.0,98300.0,96000.0,96200.0,4657712
2025-10-20T15:00:00Z,98500.0,99600.0,98400.0,98900.0,3776740
2025-10-21T15:00:00Z,97100.0,97100.0,96200.0,96300.0,2682762
2025-10-22T15:00:00Z,96800.0,97000.0,96300.0,96900.0,3030377
